{
    "SGD": {
        "epochs": [
            5,
            10,
            20,
            30,
            40,
            50
        ],
        "train_loss": [
            0.2388569861650467,
            0.1560330092906952,
            0.08970450609922409,
            0.05587754398584366,
            0.04208056628704071,
            0.029232969507575035
        ],
        "val_loss": [
            0.1601724475622177,
            0.11212708801031113,
            0.07627910375595093,
            0.06425675004720688,
            0.06078946962952614,
            0.06082810088992119
        ],
        "train_accuracy": [
            0.932533323764801,
            0.9557166695594788,
            0.9742500185966492,
            0.9839833378791809,
            0.9878166913986206,
            0.9916499853134155
        ],
        "val_accuracy": [
            0.9514999985694885,
            0.9639999866485596,
            0.9763000011444092,
            0.9800999760627747,
            0.9818000197410583,
            0.9811999797821045
        ]
    },
    "Adam": {
        "epochs": [
            5,
            10,
            20,
            30,
            40,
            50
        ],
        "train_loss": [
            0.05475487932562828,
            0.029895123094320297,
            0.014073043130338192,
            0.016229016706347466,
            0.011011557653546333,
            0.011214368976652622
        ],
        "val_loss": [
            0.08071614801883698,
            0.09728513658046722,
            0.13006599247455597,
            0.15164503455162048,
            0.1867993324995041,
            0.2085830122232437
        ],
        "train_accuracy": [
            0.98294997215271,
            0.9905666708946228,
            0.9953666925430298,
            0.9958666563034058,
            0.9970999956130981,
            0.9970166683197021
        ],
        "val_accuracy": [
            0.9783999919891357,
            0.9807000160217285,
            0.98089998960495,
            0.9811999797821045,
            0.9811000227928162,
            0.9824000000953674
        ]
    },
    "Adagrad": {
        "epochs": [
            5,
            10,
            20,
            30,
            40,
            50
        ],
        "train_loss": [
            0.5063608884811401,
            0.3773997724056244,
            0.29079821705818176,
            0.254682332277298,
            0.23139990866184235,
            0.21461783349514008
        ],
        "val_loss": [
            0.339023619890213,
            0.263749897480011,
            0.20609767735004425,
            0.1791868954896927,
            0.1648559421300888,
            0.15533694624900818
        ],
        "train_accuracy": [
            0.8559166789054871,
            0.8937833309173584,
            0.9168166518211365,
            0.9289000034332275,
            0.935783326625824,
            0.9394500255584717
        ],
        "val_accuracy": [
            0.9099000096321106,
            0.9275000095367432,
            0.9409999847412109,
            0.9476000070571899,
            0.9519000053405762,
            0.9521999955177307
        ]
    },
    "Nadam": {
        "epochs": [
            5,
            10,
            20,
            30,
            40,
            50
        ],
        "train_loss": [
            0.05362044647336006,
            0.02968110702931881,
            0.019540363922715187,
            0.013957214541733265,
            0.010361277498304844,
            0.009901127777993679
        ],
        "val_loss": [
            0.08048571646213531,
            0.11588755249977112,
            0.11924003809690475,
            0.17344364523887634,
            0.18239957094192505,
            0.21776098012924194
        ],
        "train_accuracy": [
            0.9837666749954224,
            0.9906499981880188,
            0.9944000244140625,
            0.9961166381835938,
            0.9970499873161316,
            0.9973666667938232
        ],
        "val_accuracy": [
            0.9768000245094299,
            0.9757000207901001,
            0.9822999835014343,
            0.9805999994277954,
            0.9824000000953674,
            0.9835000038146973
        ]
    }
}