{
    "SGD": {
        "epochs": [
            5,
            10,
            20,
            30,
            40,
            50
        ],
        "train_loss": [
            0.23624859750270844,
            0.15468424558639526,
            0.08689837902784348,
            0.05801985040307045,
            0.04138342663645744,
            0.029511692002415657
        ],
        "val_loss": [
            0.15747801959514618,
            0.11066468805074692,
            0.07698167860507965,
            0.06490135937929153,
            0.059565428644418716,
            0.0609833300113678
        ],
        "train_accuracy": [
            0.9338833093643188,
            0.956516683101654,
            0.9749833345413208,
            0.9833833575248718,
            0.9883000254631042,
            0.9917333126068115
        ],
        "val_accuracy": [
            0.9527000188827515,
            0.964900016784668,
            0.9757000207901001,
            0.9801999926567078,
            0.9810000061988831,
            0.9832000136375427
        ]
    },
    "Adam": {
        "epochs": [
            5,
            10,
            20,
            30,
            40,
            50
        ],
        "train_loss": [
            0.05813901498913765,
            0.030117323622107506,
            0.0154475849121809,
            0.011838283389806747,
            0.012922684662044048,
            0.010465292260050774
        ],
        "val_loss": [
            0.07945960760116577,
            0.09792685508728027,
            0.14501731097698212,
            0.167463019490242,
            0.20257917046546936,
            0.19525325298309326
        ],
        "train_accuracy": [
            0.9826833605766296,
            0.9902833104133606,
            0.9953166842460632,
            0.9967666864395142,
            0.9972166419029236,
            0.9975500106811523
        ],
        "val_accuracy": [
            0.9783999919891357,
            0.9797000288963318,
            0.9805999994277954,
            0.982699990272522,
            0.9789000153541565,
            0.9833999872207642
        ]
    },
    "Adagrad": {
        "epochs": [
            5,
            10,
            20,
            30,
            40,
            50
        ],
        "train_loss": [
            0.4686780869960785,
            0.3710615634918213,
            0.29580920934677124,
            0.2478838413953781,
            0.22679217159748077,
            0.20227177441120148
        ],
        "val_loss": [
            0.3146049678325653,
            0.2576395869255066,
            0.20656579732894897,
            0.1771807223558426,
            0.16157875955104828,
            0.14525999128818512
        ],
        "train_accuracy": [
            0.8673999905586243,
            0.896316647529602,
            0.9175666570663452,
            0.9312333464622498,
            0.9363999962806702,
            0.9434166550636292
        ],
        "val_accuracy": [
            0.9136999845504761,
            0.9283000230789185,
            0.9415000081062317,
            0.9509999752044678,
            0.9520000219345093,
            0.9559000134468079
        ]
    },
    "Nadam": {
        "epochs": [
            5,
            10,
            20,
            30,
            40,
            50
        ],
        "train_loss": [
            0.05338451638817787,
            0.029765047132968903,
            0.018690811470150948,
            0.013117879629135132,
            0.010044325143098831,
            0.011771420948207378
        ],
        "val_loss": [
            0.07979635894298553,
            0.09124965965747833,
            0.15415509045124054,
            0.17268650233745575,
            0.18416938185691833,
            0.2145758718252182
        ],
        "train_accuracy": [
            0.9833499789237976,
            0.9908999800682068,
            0.9944333434104919,
            0.9962833523750305,
            0.9971833229064941,
            0.9972500205039978
        ],
        "val_accuracy": [
            0.9782000184059143,
            0.9805999994277954,
            0.9797999858856201,
            0.9800000190734863,
            0.9818999767303467,
            0.9814000129699707
        ]
    }
}